id,source_round,score,ptm,plddt,chromo,parent,length,sequence
059188af754d6adc,R25,0.9477,0.9321,0.9465,0.9696,r25_p4,239,MLTPGEKLLEGVVPVKVNLDGDVNGQKFKVKGEGEGNREKGELVVTFTVTEGELPLDPLFLSYLLTYPLSIFLKQPPDNPLTPFRIACLPTGYVVERTLNFKDEGTLNVRSEVYFEGDTLVNNVTLKGSGFKEGAKLLTKKVKSIRLVGPYVIEPDPERRGVRVTYTLELTFEDGSTLTADVDELIYPLGEGPAELPAAQTWNLDIDLTVTPTVDGNKFTYEKKDTPGVEPPALSELSY
497e999b9baaedc1,R25,0.9468,0.932,0.9457,0.9677,r25_p5,239,MLSPGEQLLQGVVPVKVNLDGDVNGNKFKVTGEGYGNREKGELVVTFTVTEGTLPLDPLFLSYLLTYPLSIFLKQPADNPLTPFRIACLPTGYRVETTLDFEGEGTLKVTSDVRFEGDTLVNDVTIKGSGFKEGAKLLTKKVKSIRLVGDYVITPDPERNGVTVTYTLVLTFEDGSTLTAKVTEHIRPLGEGPAELPAAQTWNLDIDLTVTPKVDGNTFTYEKVDTPGVEPPKLSELSY
b7f8b3d7e5c304e3,R25,0.9468,0.9312,0.9465,0.9679,r25_p4,239,MLTPGEKLLVGVVPVKVNLDGDVNGNKFKVVGEGEGNRERGELVVTFTVTEGKLPLDPLFLSYLLTYPLSIFLKQPADNPLTPFRIACLPTGYVVERTLKFKDEGTLNVKSKVYFDGDTLVNEVTLKGSGFKEGAKLLTKKVASIRLVGDYIIEPDEARKGVRVTYTLELTFEDGSTLTADVDELIYPLGEGPATLPEAKTYNLDIDLTVKPTVNGNKFTYEKRDTPGVEPPTLSELSY
8ddd84b1d142cfda,R25,0.9466,0.9309,0.9458,0.9683,r25_p5,239,MLTPGEQLLKGVVPVKVNVDGDVNGKKFKVEGEGYGNREKGELIVTFTVTEGELPLDPLFLSYLLTYPLSIFLKQPADNPLTPFRIACLPTGYRVERTLDFEGEGTLRVVSDVYFEGDTLVNDVTIEGSGFKEGAKLLTKKVKSIRLVGDYTITPDPANNGVRVTYTLVLTFEDGSTLTAKVTELIRPLGEGPATLPAAQTWNLDIDLTVTPKVEGNKFTYEKVDTPGVEPPTLSELSY
d10567c5a824078d,R25,0.9464,0.929,0.9466,0.9694,r25_p4,239,MLSEGEKLLVGVVPVKVYLDGDVNGQKFKVEGEGYGNREKGELVVTFTVTEGTLPLDPLFLSYLLTYPLSIFLKQPADNPLTPFRIACLPTGYVVERTLKFKGEGTLDVRSEVYFEGDTLVNKVTLKGSGFKAGAKLLTKTVKSIRLVGDYVITPDPATKGVKVTYTLELTFTDGSTLTADVTERIYPLGEGPATLPAAQTWNLDIDLTVTPTVDGNKFTYEKKDTPGVEPPTLSELSY
cb8c28e563fa879a,R25,0.9463,0.9301,0.9485,0.9656,r25_p6,239,MLSEGEKLLQGVVPVKVYLDGDVNGQKFKVEGEGYGNREKGELVVTFTVTEGELPLDPLFLSYLLTYPLSVFLKQPADNPLTPFLIACLPTGYVVERTLKFKGGGTLNVKSEVYFEGDTLVNKVTLKGSGFPEGHPLLTKKVASIRLVGEYKIEPDKANNGVKVTYTLELTFTDGSTLTADVTERIYPLGKGPETLPAATSWDLDIDLTVTPTVDGNKFTYEKKDTPGVEPPTLTELSK
cae011836fcef1bf,R25,0.9462,0.9296,0.9468,0.9679,r25_p5,239,MLSPGEKLLQGVVPIKVKVDGDVNGNKFKVEGEGYGDREKGELVVTFTVTEGELPLDPLFLSYLLTYPLSIFLKQPADNPLTPFRIACLPTGYRVERTLKFEGEGTLNVKSDVYFEGDTLVNEVTIKGSGFKEGSKLLTKKVASIRLVGDYVITPDPARQGVRVTYTLELTFEDGSTLTADVTELITPLGKGPATLPAAQTWNLDIDLTVKPTVEGNKFTYEKKDTPGVEPPKLSELSY
404310feb0faeb34,R25,0.9458,0.9316,0.9442,0.9662,r25_p5,239,MLSPGEQLLQGVVPILVNLDGDVNGNKFKVKGEGYGNREKGELVVTFTVTEGELPLDPLFLSYLLTYPLSIFLKQPADNPLTPFRIACLPTGYEVERTLDFEGEGTLVVRSRVRFEGDTLVNEVEIKGSGFKEGAKLLTKKVKSIRLVGDYVVTPDPARRGVRVTYTLVLTFEDGSTLTADVTELIRPLGEGPATLPAARTWNLDIDLTVKPKVEGNKFTYEKVDTPGVEPPTLSELSY
f424b2b372db29f9,R25,0.9457,0.9306,0.9473,0.9641,r25_p6,239,MLTPGEQLLQGVVPVLVNLDGDVNGQKFKVKGEGEGNRERGELVVTFTVTEGELPLDPLFLSYLLTYPLRVFLKQPADDPLTPFLLACLPTGYVVERTLEFEGGGTLKVTSKVYFDGDTLVNEVTLKGSGFPEGHKLLTKKVKSIKLVGEYKIEPDEARNGVKVTYTLELTFEDGSTLKAKVTETIYPLGKGPETLPAATSWNLDIDLTVTPTVDGNKFTYEKRDTPGVEPPTLSELSK
46ce0477fd683337,R25,0.9455,0.9312,0.9433,0.9669,r25_p5,239,MLTPGEKLLEGVVPVKVKLKGDVNGKKFEVEGEGYGNRERGELVVTFTITKGELPLDPLFLSYLLTYPLSIFLKQPADNPLTPFRIACLPTGYEVERTLDFEGEGTLKVTSRVYFEGDTLVNEVTIKGSGFKEGAKLLTKKVASITLKGDYVVTPDPARQGVRVTYTLVLTFEDGSTLTAKVTELIRPLGEGPATLPAAQTWNLDIDLTVKPTVEGNKFTYEKVDTPGVAPPTLSELSY
98022ee7eef160e3,R25,0.9454,0.9294,0.9455,0.9666,r25_p2,239,MLSEGEKLLQGVVPVKVNLDGDVNGQKFKVKGEGEGDREKGYLKVTFTVTEGELPLDPLFLSYLLTYPLSIFLKQPADNPLTPFRIACLPTGYAVERTLDFEGEGTLTVKSKVYFDGDTLVNEVTLKGTGFKPGAKILTKKVKSIKLVGEYKIEPDEAKHGVKVTYTLELTFEDGSTLKAKVTETIYPLGKGPETLPAAQTWNLNIDLTVTPTVDGNKFTYEKKDTPGVEPPKLSELSY
85ba5baa0ae2306c,R25,0.9452,0.9275,0.9467,0.9674,r25_p5,239,MLTPGEQLLKGVVPVKVKLDGDVNGQKFKVEGEGYGNREKGELVVTFEVTEGELPLDPLFLSYLLTYPLSIFLKQPSDNPLTPFRIACLPTGYEVERTLEFEGEGTLKVNSKVYFEGDTLVNEVTIKGSGFKEGAKLLTKKVKSINLVGDYVITPDPANNGVKVTYTLEFTFEDGSTLKAKVTELIKPLGKGPATLPAAKTYNLNIDLTVTPTVDGNKFTYEKVDTPGVEPPKLSELSY
2c2ddf7b3b6675ab,R25,0.9451,0.9283,0.9445,0.9681,r25_p2,239,MLSPGEKLLQGVVPVKVHVDGDVNGEKFKVEGEGEGNAEEGYLKVTFTVTEGKLPLDPLFLSYLLTYPLSIFLKSPKDNPLRPFRIACLPTGYAVETVLDFEGEGTLTVKSDVYFDGDTLVNDVTIKGTGFKEGAKLLTKKVESIKLVGTYKIEPDKEKHGVKVTYTLELTFEDGSTLTAKVTETIYPLGEGPETLPEAQEYNLDIDLTVKPKVEGNKFTYEKKDTPGVEPPSLSELSY
e3612f60dd5aad72,R25,0.9451,0.9304,0.9445,0.9654,r25_p5,239,MLSPGEQLLVGVVPVKVYVKGDVNGQKFEVEGEGYGNREKGELVVTFTVTKGELPLDPLFLSYLLTYPLSIFLKQPADNPLTPFRIACLPTGYREERTLDFKGEGTLRVDSDVYFEGDTLVNKVTIKGSGFAPGSKLLTKKVKSITLVGDYVITPDPANRGVVVTYTLVLTFEDGSTLTADVTERITPLGEGPAELPAARTYNLNIDLTVKPKVEGNKFTYEKKDTPGVEPPKLSELSY
76b833b2f1376386,R25,0.9451,0.9317,0.9467,0.9614,r25_p6,239,MLTPGEQLLQGVVPVEIDLDGDVNGEKFAVKGQGYGNRDRGELVVTFTVTEGKLPLDPLFLSYLLTYPLRVFLKQPADNPLRPFLIACLPTGYVLELTLDFEGGGTLKVTHEVYFEGDTLVNKVTLKGSGFPEGHKLLTKKVKAIYLIGEYKITPDPENNGVVVTFTLRLVFEDGSELLAKVTAKIYPLGKGPETLPEATSWNLNINLTVTPTIDGNTFTYEKRDTPGVEPPTLTELSS
ebf55f42b45254f0,R26,0.9449,0.93,0.9432,0.9664,r26_p1,239,MKTEGEKLLEGVVPVKVKVDGDVNGQKFKVEGEGYGNAEKGELVVTFTVTEGELPLDPLFLSYLLTYPLSIFLKQPSDNPLVPFILACLPTGYVVETTYDFKGEGTLKVTSKVYFDGDTLVNEVTIKGSGFPEGSKLLTKKVKSIRLVGDYVITPDKEKNGVKVTYTLELTFEDGSTLTADVTETIYPLGKGPETLPEARTYNLDIDLTVKPKVEGNKFTYEKKDTPGVEPPKLSELSY
a73f36e5fa67f33a,R25,0.9448,0.9298,0.9426,0.9671,r25_p2,239,MLSEGEKLLQGVVPVKVKLDGDVNGKKFKVEGEGEGDAEKGYLKVTFTVTEGELPLDPLFLSYLLTYPLSIFLKQPADNPLRPFRIACLPTGYAVERVLDFEGEGTLTVKSKVYFEGDTLVNEVTLKGTGFKEGAKLLTKKVASIRLVGEYRITPDEARHGVLVTYTLELTFTDGSTLKARVTERIYPLGEGPATLPAAQTWNLDIDLTVTPKVDGDKFTYEKRDTPGVEPPRLSELSY
088353af9b63412e,R25,0.9448,0.9282,0.9456,0.966,r25_p2,239,MLSPGEKLLQGVVPVKVNLDGDVNGNKFKVKGEGEGNREEGYLKVTFTVTEGELPLDPLFLSYLLTYPLSIFLKQPPDNPLTPFRIACLPTGYAVERTLDFEGEGTLNVKSKVYFDGDTLVNEVTLKGTGFKEGAKILTKKVKSIRLVGDYTITPDKEKHGVKVTYTLKLTFEDGSTLTAKVTETIYPLGKGPETLPAAQKWNLDIDLTVTPTVNGNKFTYEKKDTPGVEPPALSELSY
d82649aee6db81e8,R25,0.9448,0.9289,0.946,0.9649,r25_p5,239,MLSPGEQLLVGKVPIKVNVDGNVNGQKFKVTGEGYGNREKGELVVTFTVTEGTLPLDPLFLSYLLTYPLSIFLKQPSDNPLTPFKIACLPTGYRVERTLNFKGEGTLKVTSDVYFEGDTLVNDVTIEGSGFKPGSKLLTKKVESINLVGDYVITPDAANKGVVVTYTLVLTFEDGSTLTADVTEKITPLGEGPATLPAAKTWNLNIDLTVKPKVDGNKFTYEKKDTPGVEPKSLSELSY
e5bb6f2a3f6982ed,R25,0.9448,0.9289,0.9464,0.9645,r25_p5,239,MLTPGEQLLQGVVPVKVNVEGDVNGNKFKVEGEGYGNREKGELVVTFTVTEGKLPLDPLFLSYLLTYPLSIFLKQPADNPLTPFRIACLPTGYIDERTLEFKGEGVLNVRSEVRFEGDTLVNDVTIKGSGFKPGAKLLTKKVSSIRLKGAYVITPDPADDGVKVTYTLVLTFEDGSTLEADVTQHIRPLGKGPATLPAAQTWNLDIDLTVKPTIEGNKFTYEHIDEPGVTPPKLSDLSY
9e250d55f81faa64,R24,0.9447,0.9305,0.9427,0.9657,r24_p1,239,MKSPGEKLLEGVVPVKVNVDGDVNGNKFKVKGEGYGNAEKGELVVTFTVTEGKLPLDPLFLSYLLTYPLSIFLKQPSDNPLRPFILACLPTGYVVETTYDFEGEGTLKVKSTVYFDGDTLVNDVTIEGSGFKEGSKLLTKKVKSIRLVGDYVITPDEAKKGVKITYTLELTFEDGSTLKAKVTETIYPLGKGPATLPAAKTYNLDIDLTVTPKVEGNKFTYEKKDTPGVEPPKLSELSY
e5498c73d0059d8f,R25,0.9447,0.9293,0.9437,0.9662,r25_p2,239,MLSPGEQLLVGVVPVKVNLDGDVNGQKFKVKGEGEGNAEKGELKVTFTVTEGELPLDPLFLSYLLTYPLSIFLKQPADNPLRPFRIACLPTGYAVERTLDFEGQGTLTVNSRVYFDGDTLVNDVTLKGTGFKAGAPLLTKKVASIRLVGEYRIEPDEARHGVRVTYTLELTFEDGSTLTARVTERIYPLGEGPAELPAAQTWNLDIDLTVKPKVDGNKFTYEKKDTPGVEPPRLSELSY
c4af5a046dbc5e7b,R25,0.9447,0.9297,0.9446,0.9647,r25_p2,239,MLTPGEKLLQGVVPVKVNLDGDVNGKKFKVTGEGEGNAEEGKLVVTFTVTEGELPLDPLFLSYLLTYPLSIFLKQPADNPLRPFKIACLPTGYKVERTLDFDGEGTLKVNSDVYFDGDTLVNDVTLKGTGFKEGAKILTKKVKSIKLVGKYEITPDEAKKGVKVTYTLELTFEDGSTLTAKVTETVYPLGEGPAELPKAQEWNLDIDLTVTPKVEGDKFTYEKVDTPGVEPPKLSELSY
7de1940de5dc59f9,R26,0.9446,0.9303,0.9434,0.9648,r26_p2,239,MLSPGEKLLQGVVPVKVNLDGDVNGEKFKVEGEGEGNREKGYLKVTFTVTEGKLPLDPLFLSYLLTYPLSIFLKQPADNPLQPFRIACLPTGYAVERTLDFEGEGTLTVKSNVYFEGDTLVNDVTLKGSGFKEGAKLLTKKVKSIKLVGEYTITPDEARHGVKVTYTLELTFEDGSTLKAKVTETVYPLGEGPATLPAAQTWNLNIDLTVTPTVEGNKFTYEKRDTPGVEPPSLSELSY
d5611697e7e9c14a,R25,0.9446,0.9278,0.9454,0.9662,r25_p5,239,MLSPGEKLLQGVVPVKVKVDGDVNGKKFKVEGEGYGNRERGELVVTFTVTEGELPLDPLFLSYLLTYPLSIFLKQPADNPLTPFRIACLPTGYEVERTLDFKGEGTLKVTSKVYFDGDTLVNEVTIKGSGFKEGAKLLTKEVASIRLVGDYVITPDAANNGVTVTYTLELTFKDGSTLTADVTEKIKPLGKGPATLPAAQTWNLDIDLTVKPTVEGNKFTYEKVDTPGVEPPKLSELSY
5342ad26c4918eba,R25,0.9446,0.93,0.9422,0.9664,r25_p5,239,MLSEGEKLLQGVVPVKVNLDGDVNGKKFKVEGEGYGNRERGELVVTFTVTEGELPLDPLFLSYLLTYPLSIFLKQPPDNPLTPFRIACLPTGYEVERTLDFKDEGTLNVRSKVYFEGDTLVNEVTIKGSGFKEGAKILTKKVKSITLKGDYVITPDPANNGVTVTYTLELTFEDGSTVTADVTEHIRPLGKGPATLPAAQTYNLDIDLTVKPTVEGNKFTYEKKDTPGVEPPSLSELSY
0bc6abf265afbd25,R25,0.9446,0.9284,0.9447,0.9662,r25_p5,239,MLTPGEQLLVGVVPVKVKVDGDVNGKKFKVEGEGYGNRERGELVVTFTITEGELPLDPLFLSYLLTYPLSIFLKQPADNPLIPFRIACLPTGYEVERTLDFEGEGTLKVRSKVYFDGDTLVNEVTIEGSGFKEGAKLLTKEVASIRLVGDYVITPDPARNGVTVTYTLELTFTDGSTLKAKVTEHIRPLGEGPATLPAAQTWNLDIDLTVKPTVEGNKFTYEKVDTPGVEPPTLSELSY
dc3fe3ee0cec9408,R26,0.9445,0.928,0.9442,0.9667,r26_p2,239,MKSEGEKLLEGVVPVKVNLDGDVNGQKFKVVGEGEGNAEEGELVVTFTVTEGELPLDPLFLSYLLTYPLSIFLKQPADNPLRPFRIACLPTGYAVERTLDFEGEGTLKVNSKVYFEGDTLVNEVTLEGTGFKEGAKILTKKVASIRLVGEYKITPDKEKHGVNITYTLKLTFEDGSTLTAKVTEKIYPLGKGPETLPEAQTWNLDIDLTVTPTVDGNKFTYEKRDVPGVEPPKLSELSY
28ddd2111d5fafa9,R25,0.9445,0.9287,0.9438,0.9663,r25_p4,239,MLSAGEKLLVGVVPIKVKLDGDVNGNKFKVEGEGEGDREKGELVVTFTVTEGELPLDPLFLSYLLTYPLSIFLKQPADNPLTPFRIACLPTGYRVERTLKFEGEGTLDVKSDVYFDGDTLVNEVTLKGSGFKEGSKLLTKKVASIRLVGDYVITPDPERQGVRVTYTLELTFEDGSTLTADVDELIYPLGEGPATLPAAQRWNLDIDLTVKPTVDGNKFTYEKKDTPGVEPPKLSELSY
b3039dec45854f7d,R25,0.9445,0.929,0.9451,0.9646,r25_p5,239,MLSPGEQLLQGVVPVKVKVDGDVNGNKFKVEGEGYGNRERGELVVTFTVTEGELPLDPLFLSYLLTYPLRIFLKQPADDPLTPFRIACLPTGYSVERTLDFEGEGTLNVKSDVYFEGDTLVNEVTIKGSGFKEGAKLLTKKVKSIRLVGDYKITPDPERRGVTVTYTLELTFEDGSTLKANVTELIRPLGEGPAELPAAQTWNLDIDLTVKPKVEGNKFTYEKRDTPGVEPPTLSELSY
24dda25ae81e627e,R25,0.9444,0.929,0.9441,0.9652,r25_p4,239,MLSEGEKLLVGVVPVKVNLDGDVNGKKFKVVGEGYGNREKGELVVTFTITEGELPLDPLFLSYLLTYPLRIFLKQPADNPLTPFKIACLPTGYKVERTLDFEGEGTLKVNSDVYFDGDTLVNEVTLKGSGFKEGAKLLTKKVKSIRLVGDYVITPDKEKNGVKVTYTLELTFEDGSTLKAKVKETIYPLGKGPETLPEAKTYNLDIDLTVTPTVEGNKFTYEKRDTPGVEPPTLSELSY
214588b4fee28fb3,R25,0.9444,0.9296,0.9426,0.9661,r25_p5,239,MLSPGEQLLVGVVPVKIKVDGDVNGQKFKVEGEGYGNREKGELVVTFTVTEGTLPLDPLFLSYLLTYPLSIFLKQPADNPLTPFRIACLPTGYRVERTLDFEGEGTLKVTSDVRFEGDTLVNEVTIKGSGFAPGSKLLTKKVKSIRLVGDYVVEPDPANRGVRVTYTLELTFEDGSTLKAKVTELVRPLGEGPAELPAARTWNLDIDLTVTPTVDGNKFTYEKVDTPGVEPPTLSELSY
055ef1d77bece1f5,R25,0.9444,0.9303,0.9444,0.9632,r25_p6,239,MLTEGEKLLQGVVPVKINLDGDVNGNKFKVTGEGYGNAEKGELKVTFTVTEGTLPLDPLFLSFLLTYPLRVFLKSPADDPLRPFLLACLPTGYRVERTLKFEGEGTLNVTSDVYFDGDTLVNDVTLKGSGFPEGAKLLTKKVASIRLVGEYRIEPDPERNGVRVTYTLELTFEDGSTLKADVTELIYPLGKGPETLPEAQSWNLDIDLTVKPKIDGNKFTFEKKDVPGVEPPTLTELSK
7011ea35fbd5f4fe,R24,0.9443,0.9285,0.9439,0.9657,r24_p6,239,MLTPGEKLLQGVVPVKVNLDGDVNGKKFKVTGEGEGNAEKGELKVTFTVTEGELPLDPLFLSYLLTYPLSIFLKQPADNPLRPFRIACLPTGYAVETTLDFEGEGTLTVNSRVYFDGDTLVNEVTLKGTGFKEGAKILTKEVKSIRLVGEYKITPDEARHGVLVTYTLELTFTDGSTLTANVTERIYPLGEGPATLPEAKTYNLDIDLTVTPKVDGDTFTYEKKDVPGVEPPKLSELSY
bbbe49fdabab5083,R25,0.9443,0.9287,0.9445,0.9648,r25_p2,239,MLTPGEKLLQGVVPVKVYLDGDVNGKKFKVEGEGEGDREKGYLKVTFTVTEGELPLDPLFLSYLLTYPLSIFLKQPADNPLTPFRIACLPTGYAVERTLKFKDEGTLEVRSKVYFDGDTLVNEVTLKGTGFKEGAKILTKKVESIRLVGTYKITPDEARHGVRVTYTLELTFEDGSTLTADVTELIYPLGEGPATLPAAQEWNLDIDLTVKPKVEGDKFTYEKRDTPGVEPPKLSELSY
bf5a41942cc4e70a,R25,0.9443,0.9295,0.9428,0.9654,r25_p4,239,MLTPGEKLLVGVVPVKVNLDGDVNGKKFKVVGEGEGNRERGELVVTFTVTEGELPLDPLFLSYLLTYPLSIFLKQPPDNPLTPFRIACLPTGYVVERTLDFEGEGTLVVRSRVYFDGDTLVNEVTLKGSGFKEGAKILTKKVKSIRLVGDYVITPDEARKGVTVTYTLELTFEDGSTLKAKVTERIYPLGEGPATLPAAKTWNLDIDLTVKPKVEGNKFTYEKRDTPGVEPPALSDLSY
8023208195a3cf30,R25,0.9443,0.9281,0.9451,0.9652,r25_p5,239,MLSPGEKLLQGVVPIKVNVDGDVNGKKFKVKGEGYGNREKGELKVTFTVTEGELPLDPLFLSYLLTYPLSIFLKQPSDNPLTPFRIACLPTGYEVERTLKFEGEGTLNVKSKVYFEGDTLVNEVTIKGSGFKEGSKLLTKKVKSIRLVGDYVITPDAANKGVKVTYTLELTFEDGSTLTANVTEKIKPLGEGPATLPAAQTWNLDIDLTVKPKVEGNKFTYEKKDTPGVEPPKLSELSY
6b8866a55758ef8d,R25,0.9442,0.9276,0.9443,0.9662,r25_p4,239,MLSEGEKLLVGVVPVKVNLDGDVNGNKFKVKGEGEGNREKGELKVTFTVTEGELPLDPLFLSYLLTYPLSIFLKQPADNPLTPFRIACLPTGYKVERKLDFEGEGTLNVVSDVYFDGDTLVNDVTLKGSGFKEGAKILTKKVKSIRLVGDYVITPDAAKQGVKVTYTLELTFEDGSTLKAKVDELIYPLGKGPATLPAAQTWNLDIDLTVTPTVDGNKFTYEKKDTPGVEPPKLSELSY
82a2a3e79e6231e5,R25,0.9442,0.9297,0.9418,0.9659,r25_p4,239,MLSPGEKLLVGVVPVKVELDGDVNGKKFKVKGEGEGNREKGELKVTFEVTEGELPLDPLFLSYLLTYPLSIFLKQPADNPLTPFRIACLPTGYRVERVLNFEGEGTLTVVSEVYFEGDTLVNKVTLKGEGFKEGAKLLTKKVKSIRLVGDYVITPDPERRGVRVTYTLELTFEDGSTLTAKVEERIYPLGEGPAELPAARTWNLDIDLTVKPKIEGNKFTFEKVDEPGVEPPRLSELSY
85c536bf697fc8c2,R25,0.9442,0.9296,0.9431,0.9648,r25_p5,239,MLSPGEQLLQGVVPIKVNLDGDVNGNKFKVKGEGYGNREKGELKVTFTVTEGTLPLDPLFLSYLLTYPLSIFLKQPPDNPLTPFRIACLPTGYEVERTLDFEGEGTLKVTSKVRFEGDTLVNDVKIKGSGFKEGSKLLTKKVKSIRLVGDYVVTPDPARRGVRVTYTLELTFEDGSTLTAKVTELIRPLGEGPAELPPAQTWNLDIDLTNTPTVEGNKFTYEKKDTPGVEPPSLSELSY
47f4f406214b0f7a,R26,0.9441,0.9277,0.9442,0.9659,r26_p2,239,MLSPGEKLLQGVVPVKVNVDGDVNGQKFKVVGEGEGNAEKGELKVTFTVTEGELPLDPLFLSYLLTYPLSIFLKQPADNPLRPFRIACLPTGYAVERTLDFEGEGTLTVNSRVYFDGDTLVNEVEIKGTGFKEGAKVLTKKVKSIRLVGDYVIEPDEARHGVKVTYTLRLTFEDGSTLTAKVTERIYPLGKGPETLPAAQTYNLDIDLTVTPKVEGDKFTYEKKDTPGVEPPTLSELSY
05a0874253cbccc3,R24,0.9441,0.9313,0.9421,0.9631,r24_p1,239,MLTPGEQLLKGVVPVKVNLDGDVNGNKFKVKGEGEGNAEKGELKVTFEVTEGKLPLDPLFLSYLLTYPLSIFLKQPADNPLRPFILACLPTGYVVERTYNFKGEGTLNVKSTVYFDGDTLVNDVTIKGSGFKEGSKLLTKKVKSIRLVGDYVIEPDEEKKGVKITYTLVLTFEDGSTLTADVTETIYPLGKGPETLPAAKTYNLDIDLTVKPKVEGNKFTYEKKDTPGVAPPKLSDLSY
18ba250220c36b13,R24,0.9441,0.9292,0.9418,0.9664,r24_p6,239,MLSEGEKLLVGVVPVEVNLDGDVNGKKFKVKGKGEGNAEKGELVVTFTVTEGELPLDPLFLSYLLTYPLSIFLKQPADNPLRPFRIACLPTGYRVERTLDFEGEGTLVVNSDVYFDGDTLVNDVTLKGSGFKEGAKLLTKKVKSIKLVGDYVITPDEARKGVRVTYTLELTFEDGSTLKAKVTELIYPLGEGPATLPAAKTYNLNIDLTVTPTVDGNKFTYEKRDTPGVAPPKLSELSY
cf61a2e338bb0569,R24,0.9441,0.9285,0.9429,0.9662,r24_p6,239,MLTPGEQLLKGVVPVKVNVDGDVNGKKFKVEGEGYGNREKGELVVTFTVTEGELPLDPLFLSYLLTYPLSIFLKQPADNPLTPFRIACLPTGYEVERTLDFKGEGTLKVNSKVYFEGDTLVNDVTIKGSGFKEGAKLLTKKVKSITLKGDYKITPDKANNGVTVTYTLVLTFEDGSTLTADVTEKIKPLGKGPATLPAAKTYNLNIDLTVTPKVEGNKFTYEKKDTPGVEPPKLSELSY
9135b49e0916973f,R25,0.9441,0.9287,0.9437,0.9652,r25_p2,239,MLSPGEKLLQGVVPVKVNLDGDVNGQKFKVTGEGEGNREKGELKVTFTVTEGKLPLDPLFLSYLLTYPLSIFLKQPADNPLTPFRIACLPTGYAVETVLDFEGEGTLTVNSRVYFDGDTLVNDVTLKGTGFKEGAKLLTKKVASIRLVGEYRIEPDEARHGVRVTYTLELTFEDGSTLKAAVTERIYPLGEGPAELPAAQTWNLDIDLTVKPTVNGNKFTYEKKDTPGVEPPALSELSY
12ea15ac6ee45200,R25,0.9441,0.9294,0.9444,0.9633,r25_p3,239,MLTPGEQLLKGVVPVKVNLDGDVNGQKFKVKGEGEGNAEEGYLKVTFTITEGELPLDPLFLSYLLTYPLSIFLKQPSDNPLVPFILACLPTGYVVERTLNFKGEGTLKVTSKVYFDGDTLVNEVTIKGSGFPEGSKLLTKKVKSIKLVGDYKIEPDKEKHGVKITYTLVLTFEDGSTLTADVTEHIYPLGKGPETLPAPVTYNLDIDLTVKPKVEGNKFTYEKKDTPGVEPPALSSLSY
dce5cded65a11b39,R25,0.9441,0.9278,0.9447,0.9651,r25_p4,239,MLSPGEKLLVGVVPVKVNLDGDVNGNKFKVTGTGTGNRERGELKVTFTVTEGTLPLDPLFLSYLLTYPLSIFLKQPPDNPLTPFMIACLPTGYRVERTLDFEGEGTLNVRSDVYFDGDTLVNDVTLKGTGFKEGAKLLTKKVKSIRLKGDYVITPDEERNGVRVTYTLELTFEDGSTLKAKVDELIYPLGEGPAELPAARTYNLDIDLTVTPTVSGNKFTYEKVDTPGVEPPALSELSY
6625fa64933783ef,R26,0.944,0.9283,0.9438,0.965,r26_p2,239,MLSPGEKLLQGVVPVKVNVDGDVNGQKFKVEGEGEGNAEKGELTVTFTVTEGELPLDPLFLSYLLTYPLSIFLKQPPDNPLRPFRIACLPTGYASEITLEFEGEGTLTVKSRVYFEGDTLVNDVEIKGTGFKEGALLLTKKVKSIKLVGEYTVEPDEERHGVRVTYTLQLTFEDGSTLNAKVTERVYPLGAGPETLPAAQRWNLDLDLTVKPTVEGNKFTYEKKDTPGVEPPALSELSY
f5fe78f7e1c0cc14,R25,0.944,0.9286,0.9443,0.9643,r25_p2,239,MLTPGEKLLQGVVPIKVNLDGDVNGQKFKVTGEGEGNREKGYLKVTFTVTEGELPLDPLFLSYLLTYPLSIFLKQPADNPLTPFRIACLPTGYAVERVLDFEGEGTLTVKSNVYFEGDTLVNDVTLKGTGFKEGAKLLTKEVKSIRLVGDYVIEPDAARHGVRVTYTLELTFTDGSKLTAKVTETIYPLGAGPATLPAAQKWNLDIDLTVTPTVEGNKFTYERRDTPGVEPPKLSELSY
cbf0741bfb76c614,R25,0.9439,0.9281,0.9429,0.966,r25_p2,239,MLSPGEKLLQGVVPVKVNVDGDVNGQKFKVVGEGEGNAEKGELKVTFTVTEGELPLDPLFLSYLLTYPLSIFLKQPKDNPLRPFRIACLPTGYAVERTLDFEGEGTLTVNSRVYFDGDTLVNEVEIKGTGFKEGAKVLTKKVKSIRLVGDYVIEPDEERHGVKVTYTLRLTFEDGSTLTAKVTERIYPLGKGPETLPEAQTYNLDIDLTVTPKVEGDKFTYEKKDTPGVEPPTLSELSY
cc77379da2565a12,R25,0.9439,0.9291,0.9423,0.9652,r25_p2,239,MLSEGEKLLQGVVPVKVNLDGDVNGKKFKVKGEGEGNAEKGYLKVTFTVTEGELPLDPLFLSYLLTYPLSIFLKQPADNPLRPFRIACLPTGYAVERTLKFEGEGTLTVKSRVYFDGDTLVNEVTLKGTGFKEGAKILTKKVASIKLVGEYTITPDEERHGVKVTYTLELTFTDGSTLTADVTERVYPLGKGPETLPEAQTWNLDIDLTVTPTVDGNKFTYEKRDTPGVEPPTLSELSY
f3164a1fe27fcf29,R25,0.9439,0.9306,0.9405,0.9651,r25_p3,239,MLSPGEQLLQGVVPVKVNLDGDVNGQKFKVVGEGEGNAEKGELVVTFTVTEGELPLDPLFLSYLLTYPLSVFLKQPADNPLRPFILACLPTGYKVERTYDFEGEGTLKVTSKVYFDGDTLVNEVTIKGSGFPEGSKLLTKKVKSIKLVGDYVITPDEEKKGVKITYTLVLTFEDGSTLTAKVTEVIYPLGEGPATLPAARTYNLNIDLTVTPTVEGNKFTYEKKDTPGVEPPTLSSLSY
4a69a906cac32737,R25,0.9439,0.9285,0.9431,0.9652,r25_p4,239,MLTPGEKLLQGVVPVKINLDGDVNGEKFKVKGEGEGNREKGELVVTFTITEGKLPLDPLFLSYLLTYPLSIFLKQPSDNPLTPFRIACLPTGYKVERTLDFEGEGTLKVVSDVYFDGDTLVNDVTLKGSGFKEGAKLLTKKVESIRLVGDYVITPDPERQGVKVTYTLELTFEDGSTLTAKVKELIYPLGKGPATLPAAQKWNLDIDLTVKPKIEGDKFTYEKKDTPGVEPPKLSELSY
2dc08c7b9a327289,R25,0.9439,0.9269,0.9435,0.9671,r25_p5,239,MLSEGEKLLEGVVPVKVNVDGDVNGNKFKVVGEGYGNREKGELVVTFTVTEGELPLDPLFLSYLLTYPLSIFLKQPADNPLTPFRIACLPTGYRVERTLKFEGEGTLEVKSDVYFEGDTLVNDVTIKGSGFKEGAKILTKKVKSIRLKGDYVITPDPARKGVRVTYTLVLTFEDGSTLTADVTELITPLGEGPATLPAAQTWNLDIDLTVTPTVNGNTFTYEKKDTPGVEPPKLSELSY
c62a6a47d5afe56e,R24,0.9438,0.929,0.9453,0.962,r24_p4,239,MLTPGEQLLQGVVPVKINLDGDVNGNKFKVVGEGEGNAERGELVVTFTVTEGKLPLDPLFLSYLLTYPLRVFLKQPADDPLRPFLLACLPTGYVVETTLKFKGEGTLNVKSKVYFEGDTLVNEVTLKGSGFPEGAKLLTKKVASIRLVGDYIIEPDEARNGVKVTYTLELTFEDGSTLTADVTQTIYPLGKGPETLPEATSYNLDIDLTVKPTVNGNKFTFEKRDTPGVEPPTLSELSK
130f603fe1a5f003,R25,0.9438,0.9268,0.9453,0.9648,r25_p2,239,MLTPGEKLLQGVVPVKVYLDGDVNGNKFKVEGEGEGNRDEGYLKVTFTVTEGELPLDPLFLSYLLTYPLSIFLKQPADNPLTPFRIACLPTGYAVETTLKFEGEGTLTVKSDVYFEGDTLVNKVTLKGTGFKEGAKILTKKVKSIKLVGDYTITPDEAKHGVKVTYTLKLTFEDGSTLTADVTETIYPLGEGPATLPAAQTWNLDIDLTVTPKVDGDKFTYEKRDTPGVEPPTLSELSY
83293649fb2226b1,R25,0.9438,0.9285,0.9429,0.965,r25_p2,239,MLTPGEQLLQGVVPVKVNLDGDVNGNKFKVEGEGEGNREKGYLKVTFTVTEGELPLDPLFLSYLLTYPLSIFLKQPEDNPLTPFRIACLPTGYAVERTLDFEGEGTLTVKSRVYFDGDTLVNEVTLKGTGFKPGAKILTKKVKSIQLVGDYTITPDEERHGVKVTYTLKLTFEDGSTLTAKVTERIYPLGEGPATLPAAQTWNLNIDLTVTPTVEGDKFTYEKKDIPGVKPPALSDLSY
c90e9830e6e74abb,R25,0.9438,0.9307,0.9405,0.9644,r25_p5,239,MLSPGEQLLQGVVPVEVRLDGDVNGQKFKVKGRGYGNREEGELVVTFEVTEGELPLDPLFLSYLLTYPLSIFLKQPKDNPLVPFRIACLPTGYEVETVLEFEGEGTLRVRSRVYFDGDTLVNEVEIEGSGFKEGAKLLTKEVESITLEGDYVVTPDPARRGVRVTYTLKLTFKDGSTLTAKVTELIRPLGEGPATLPPAQTWNLNIDLTVKPTVEGNKFTYEKKDTPGVEPPALSELSY
d582a507a88354af,R26,0.9437,0.9296,0.9425,0.9638,r26_p1,239,MLTPGEQLLRGVVPVTVNLDGDVNGQKFKVKGEGYGNREKGELVVTFTVTEGELPLDPLFLSYLLTYPLKIFLKQPADNPLVPFILACLPTGYVVETTLNFKDEGTLNVTSKVSFDGDTLVNDVTIKGSGFPEGSKLLTKKVKSIRLVGDFVIKPDKERKGVKVTYTLELTFEDGSTLEADVTTFVYPLGEGPAELPEAKTYNLDIDLTVQPTIDGNKFTYEKRDTPGVEPPKLSELSY
4aff1174a767d70d,R26,0.9437,0.9269,0.9451,0.9646,r26_p2,239,MLSPGEKLLQGVVPVKVNLDGDVNGQKFKVTGEGEGNREKGELKVTFTVTEGELPLDPLFLSYLLTYPLSIFLKQPADNPLTPFRIACLPTGYAVERVLDFEGEGTLTVKSNVYFEGDTLVNDVTLKGTGFKEGALLLTKEVASIKLVGEYKIEPDEAKKGVKVTYTLKLTFTDGSTLTAKVTETIYPLGEGPATLPAAQTWNLDIDLTVKPTVDGNKFTYEKKDTPGVEPPKLSELSY
6873b65601073b05,R25,0.9437,0.9291,0.9434,0.9637,r25_p5,239,MLSPGEKLLEGVVPVKVYVDGDVNGQKFKVEGEGYGNRERGELVVTFTVTEGELPLDPLFLSYLLTYPLRIFLKQPADDPLTPFRIACLPTGYRVERTLDFEGEGTLKVVSDVRFEGDTLVNEVTIKGSGFAEGAKLLTKKVASITLVGDYVITPDPANRGVRVTYTLVLTFTDGSTLTAKVTELVRPLGEGPATLPPAATYNLNIDLTVTPTVDGNKFTYEKVDTPGVEPPTLSELSY
c644087489c008fc,R25,0.9436,0.9289,0.9414,0.9654,r25_p2,239,MLSPGEKLLQGVVPVKVNLKGDVNGQKFEVKGEGYGNREKGELVVTFTVTEGTLPLDPLFLSYLLTYPLSIFLKQPKDNPLTPFRIACLPTGYAVERTLDFKGEGTLEVRSRVYFDGDTLVNEVELKGTGFKEGAKILTKKVKSIRLVGDYVITPDEARHGVLVTYTLLLTFEDGSTLTADVTERVYPLGEGPAELPAAQRWNLDIDLTVTPTVDGNKFTYEKRDTPGVEPPSLSELSY
873a3934bbe8d55a,R25,0.9436,0.9259,0.9466,0.9643,r25_p2,239,MLSPGEKLLQGVVPVKVNVDGDVNGKKFKVVGEGEGDAEKGYLKVTFTVTEGELPLDPLFLSYLLTYPLSIFLKQPADNPLRPFMIACLPTGYAVERTLKFEGEGTLEVRSDVYFDGDTLVNDVTIKGTGFKEGAKILTKKVKSIRLVGEYTIEPDEAKHGVRVTYTLELTFEDGSTLKAAVTEVIYPLGKGPETLPAAQTWNLDIDLTVTPTVEGNKFTYEKRDTPGVEPPKLSELSY
b927a5bf84e288ef,R25,0.9436,0.9297,0.9424,0.9636,r25_p3,239,MLSPGEQLLKGVVPVKVNLDGDVNGNKFKVKGEGEGNREKGELKVTFEVTEGKLPLDPLFLSYLLTYPLSIFLKQPEDNPLVPFILACLPTGYKVETTYDFEGEGTLKVTSNVYFDGDTLVNEVTIKGSGFPEGSKLLTKKVKSIKLVGDYVIEPDEEKKGVKITYTLELTFEDGSTLKAKVTETIYPLGEGPETLPEAKTYNLDIDLTVKPKVEGNKFTYEKKDTPGVAPPKLSDLSY
b8f8c86cbb6cc11d,R25,0.9436,0.928,0.942,0.9659,r25_p5,239,MLSPGEQLLQGVVPVKVNVDGDVNGQKFKVEGEGYGNREKGELVVTFTVTEGELPLDPLFLSYLLTYPLSIFLKQPKDNPLTPFRIACLPTGYRVETTLKFEGEGTLVVDSDVRFEGDTLVNDVKIKGSGFKEGSKLLTKKVKSIRLKGDYVITPDPANNGVRVTYTLELTFEDGSTLTADVDELIRPLGAGPATLPAAQTWNLDIDLTVTPTVEGNKFTYEKKDTPGVEPPTLSELSY
effe815152107f33,R25,0.9435,0.9272,0.9447,0.9642,r25_p2,239,MLSPGEQLLKGVVPVKVNLDGDVNGNKFKVKGEGEGDAEKGYLKVTFEVTEGELPLDPLFLSYLLTYPLSIFLKSPPDNPLRPFKIACLPTGYAVERTLKFEGEGTLKVNSKVYFEGDTLVNEVTLKGTGFKEGALILTKKVKSIKLVGEYVITPDEANHGVTVTYTLELTFEDGSTLKADVTEKIYPLGKGPETLPAAQTWNLDIDLTVKPKVEGNKFTYEKQDTPGVEPPALSELSY
00e6333795c5e839,R25,0.9435,0.9281,0.9417,0.9659,r25_p4,239,MLSEGEKLLVGVVPVKVNLDGDVNGNKFKVVGEGEGNREKGELKVTFTVTEGELPLDPLFLSYLLTYPLSIFLKQPSDNPLTPFRIACLPTGYRVERTLDFEGEGTLTVTSDVYFDGDTLVNDVTLKGSGFKEGAKLLTKKVASIRLVGDYVITPDPERKGVRVTYTLELTFEDGSTLTAKVTELIYPLGEGPAELPAAKTYNLDIDLTVKPKVDGNKFTYEKKDTPGVEPPKLSELSY
5d79476f46356b04,R25,0.9435,0.9266,0.9442,0.9652,r25_p4,239,MLTPGEKLLVGKVPVKVHVDGDINGKKFKVEGEGYGNREKGELVVTFTITEGELPLDPLFLSYLLTYPLSIFLKQPADNPLTPFRIACLPTGYKVERTLDFEGEGTLKVTSDVYFDGDTLVNEVTIKGSGFKEGAKILTKKVKSIRLVGDYVITPDEAKKGVKVTYTLELTFEDGSTLKAKVTELVYPLGEGPATLPAAKTYNLDIDLTVTPKIDGNKFTYEKKDTPGVEPPKLSELSY
9d4995665e5cc3d7,R25,0.9435,0.9282,0.9425,0.9648,r25_p5,239,MLTPGEKLLQGKVPVKVKVDGDVNGEKFKVEGEGYGDREKGELVVTFTVTEGELPLDPLFLSYLLTYPLSIFLKQPEDNPITPFRIACLPTGYRVERTLDFEGEGTLKVRSDVYFEGDTLVNEVEIKGSGFKEGAKLLTKKVKSIRLVGEYKITPDKENNGVKITYTLELTFEDGSTLKAKVTEKIYPLGKGPETLPEAKTYNLDIDLTVKPEVEGDKFTYEKKDTPGVEPPKLSELSY
e3c32377024f2793,R25,0.9435,0.928,0.9404,0.9672,r25_p5,239,MLTPGEQLLQGKVPVKVNVDGDVNGNKFKVEGEGYGNREKGELVVTFTVTEGELPLDPLFLSYLLTYPLSIFLKQPEDNPLTPFRIACLPTGYRVERVLDFEGEGTLTVTSDVYFEGDTLVNEVKIKGSGFKPGAKILTKKVKSITLKGDYTITPDPANRGVRVTYTLVLTFEDGSTVTAKVTERISPLGEGPATLPAAQTWNLNIDLTVTPTVEGNKFTYEKKDTPGVKPPALSELSY
1740851cc0c024df,R25,0.9435,0.9287,0.944,0.9628,r25_p6,239,MLSPGEQLLQGVVPVVINLDGDVNGQKFKVKGEGHGNREKGELVVTFTVTEGELPLDPLFLSYLLTYPLRVFLKQPKDNPLEPFLLACLPTGYVVETTLDFEGEGTLKVKSTVYFDGDTLVNDVTLKGSGFPEGAKLLTKEVASIKLVGEYKITPDKEKNGVIVTYTLELTFTDGSTLKAKVKETIYPLGEGPATLPEASSWNLDIDLTVKPTVEGNKFTYEKVDTPGVEPPTLSELSK
8b0f674d7b7bc34f,R26,0.9434,0.9284,0.943,0.9638,r25_p1,239,MLSEGEKLLQGVVPVKVNLDGDVNGQKFKVTGEGYGNAEKGELVVTFTVTEGTLPLDPLFLSYLLTYPLSIFLKQPADNPLVPFIIACLPTGYVVERTLDFEGEGTLKVKSKVYFDGDTLVNDVTIKGSGFPEGSKLLTKKVKSIKLVGDYVITPDKEKKGVKITYTLKLTFEDGSTLTAKVTEKIYPLGEGPAELPAAKKYNLDIDLTVKPKVDGNKFTYEKKDTPGVEPPKLSDLSK
9014ca2e8dcb6e72,R25,0.9434,0.9283,0.9439,0.9629,r25_p2,239,MLSEGEKLLQGVVPVKVNLDGDVNGKKFKVKGEGEGNAEKGELKVTFTVTEGELPLDPLFLSYLLTYPLSIFLKQPADNPLRPFKIACLPTGYKVERTLDFEGEGTLTVNSSVYFDGDTLVNEVTLKGTGFKEGAKILTKEVESIKLVGEYKITPDKEKNGVKVTYTLELTFKDGSTLKAKVTETIYPLGEGPKELPKAQTYNLDIDLTVKPKVEGNKFTYEKKDTPGVEPPKLSELSY
9b78c5535e38986e,R25,0.9434,0.9283,0.9429,0.964,r25_p2,239,MLSPGEKLLQGVVPVKVNLDGDVNGKKFKVKGEGEGNAEKGELKVTFTVTEGELPLDPLFLSYLLTYPLSIFLKQPADNPLRPFRIACLPTGYAVETTLDFEGEGTLKVDSRVYFDGDTLVNEVTLKGSGFKEGAKILTKKVKSIRLVGDYVIRPDEARHGVLVTYTLELTFEDGSTLTAKVTERIYPLGEGPATLPAAQTWNLDIDLTVKPEVNGDKFTYEKRDTPGVEPPKLSELSY
b4b56f898cf66a5b,R25,0.9434,0.927,0.9442,0.9644,r25_p5,239,MLSEGEKLLQGVVPVKVNVDGDVNGKKFKVKGEGYGNREKGELVVTFTVTEGELPLDPLFLSYLLTYPLSIFLKQPADNPLTPFKIACLPTGYKVERTLKFEGEGTLKVTSKVYFDGDTLVNEVTIKGSGFKEGAKILTKKVKSIKLVGEYKITPDKANNGVKVTYTLELTFEDGSTVKADVTEKISPLGKGPETLPEAKTYNLDIDLTVKPTVDGNKFTYEKKDTPGVEPPTLSELSY
3352eb45142a2266,R25,0.9434,0.9285,0.9421,0.9646,r25_p5,239,MLSPGEKLLEGVVPVKVNVDGDVNGQKFKVEGEGYGNREKGELVVTFTVTEGELPLDPLFLSYLLTYPLSIFLKQPADNPLIPFRIACLPTGYEVETTLDFEGEGTLKVNSRVYFEGDTLVNDVTIKGSGFAEGAKLLTKKVASIRLVGDYVIEPDPANRGVRVTYTLELTFEDGSTLKAKVTERIRPLGEGPAELPAARTWNLDIDLTVKPTVNGNKFTYEKVDTPGVEPPALSELSY
536fa8fa4a95ecaa,R25,0.9434,0.9281,0.944,0.9631,r25_p5,239,MLSPGEQLLQGVVPIKVNLDGDVNGKKFKVTGEGYGNREKGELVVTFTITEGELPLDPLFLSYLLTYPLRIFLKSPADNPLIPFRIACLPTGYVVETTLDFEGEGTLKVRSEVRFEGDTLVNDVTIEGSGFKEGAKLLTKEVASIRLVGDYVITPDPANKGVTVTYTLELTFKDGSTLKAKVTEHIRPLGEGPATLPAAQTWNLDIDLTVKPTVEGNKFTYEQKDTPGVEPPTLSELSY
fbf7bd921a3c354f,R25,0.9434,0.9282,0.943,0.9639,r25_p5,239,MLSPGEKLLVGKVPVKVNVDGDVNGKKFKVKGEGYGNREEGILVVKFTVTEGELPLDPLFLSYLLTYPLSIFLKSPKDDPLRPFMIACLPTGYEVERTLDFKGEGTLKVTSKVRFEGDTLVNEVTIKGSGFKEGAKLLTKKVKSIRLVGDYVVTPDPANNGVRVTYTLELTFEDGSTLTADVTELIRPLGKGPETLPAAQTWNLDIDLTVTPKVEGNTFTYEKKDTPGVEPPALSELSY
59e19adec380c2f5,R26,0.9433,0.9272,0.9432,0.9649,r26_p2,239,MLSEGEKLLQGVVPVKVNLDGDVNGKKFKVKGEGEGNREKGELKVTFTVTEGELPLDPLFLSYLLTYPLSIFLKQPADNPLTPFRIACLPTGYAVETTLDFDGEGTLKVNSKVYFDGDTLVNDVTLKGTGFKEGAKILTKEVESIRLVGEYVIEPDEARHGVRVTYTLELTFKDGSTLTAKVTEHIYPLGKGPETLPAAQRWNLDIDLTVKPTVDGNTFTYEKKDTPGVEPPSLSELSY
8c262e5ffecc9367,R25,0.9433,0.9265,0.9439,0.9651,r25_p2,239,MLSPGEKLLQGVVPVKVKVDGDINGKKFKVEGEGEGDREKGYLKVTFTVTEGELPLDPLFLSYLLTYPLSIFLKQPADNPLTPFRIACLPTGYAVETTLDFEGEGTLKVNSKVYFEGDTLVNEVTIKGTGFKEGAKILTKKVKSIRLVGEYRIEPDEARHGVRVTYTLELTFEDGSTLTAKVDELIYPLGEGPAELPAAQTWNLDIDLTVKPKVEGNKFTYEKKDTPGVEPPRLSELSY
